date,tmax,tmin,tmed
01/1871,11.4,6.9,9.15
02/1871,15.3,9.8,12.55
03/1871,15.9,9.8,12.85
04/1871,19.9,12.8,16.35
05/1871,19.9,14.5,17.2
06/1871,21.5,15.2,18.35
07/1871,26.4,17.1,21.75
08/1871,26.6,18.2,22.4
09/1871,21.8,17,19.4
10/1871,20.9,14.4,17.65
11/1871,16.1,11.6,13.85
12/1871,11.1,5.6,8.35
01/1872,13.4,9.4,11.4
02/1872,13.7,9.2,11.45
03/1872,16.2,9.9,13.05
04/1872,18,11.3,14.65
05/1872,16.7,12,14.35
06/1872,24.5,15.5,20
07/1872,25,17.2,21.1
08/1872,27.2,18,22.6
09/1872,24.3,16.6,20.45
10/1872,17.9,12.1,15
11/1872,15.9,10.1,13
12/1872,13.3,8.4,10.85
01/1873,13.3,9,11.15
02/1873,12.5,7.1,9.8
03/1873,14.1,9.5,11.8
04/1873,17.2,10.5,13.85
05/1873,21.8,14.1,17.95
06/1873,22.8,16,19.4
07/1873,25.7,16.9,21.3
08/1873,26.6,18.1,22.35
09/1873,24.5,16.3,20.4
10/1873,19.6,12.9,16.25
11/1873,16.4,10.9,13.65
12/1873,13.1,5.9,9.5
01/1874,14,8.4,11.2
02/1874,14.3,9.2,11.75
03/1874,17.7,9.5,13.6
04/1874,18.4,11.9,15.15
05/1874,20.6,13.9,17.25
06/1874,21.7,15.4,18.55
07/1874,26.3,17.2,21.75
08/1874,27,18.2,22.6
09/1874,23.8,16.7,20.25
10/1874,20.4,14,17.2
11/1874,17.1,11.3,14.2
12/1874,12,7.5,9.75
01/1875,13.5,8.6,11.05
02/1875,13,7.5,10.25
03/1875,16.2,9.5,12.85
04/1875,17.7,11.2,14.45
05/1875,22.9,14.3,18.6
06/1875,23.4,14.8,19.1
07/1875,23.5,15.3,19.4
08/1875,27,17.7,22.35
09/1875,25.3,17.3,21.3
10/1875,20.9,14.8,17.85
11/1875,17.4,11.7,14.55
12/1875,11.3,5.6,8.45
01/1876,11.5,5.2,8.35
02/1876,14.7,8.8,11.75
03/1876,15,8.9,11.95
04/1876,16.9,9.8,13.35
05/1876,18.9,12.1,15.5
06/1876,21.2,13.7,17.45
07/1876,29.6,18.9,24.25
08/1876,27.5,18.3,22.9
09/1876,24.7,17.1,20.9
10/1876,19.5,14.1,16.8
11/1876,18,12.3,15.15
12/1876,15.3,11,13.15
01/1877,14.9,10.3,12.6
02/1877,15.3,9,12.15
03/1877,15.5,9.4,12.45
04/1877,17,11.9,14.45
05/1877,20.3,13.4,16.85
06/1877,22.9,15.5,19.2
07/1877,26.8,18.3,22.55
08/1877,25.9,17.7,21.8
09/1877,23.3,16.9,20.1
10/1877,21,13.5,17.25
11/1877,17.3,11.7,14.5
12/1877,13.3,8.4,10.85
01/1878,12.7,6.6,9.65
02/1878,14.6,7.6,11.1
03/1878,17.7,9.8,13.75
04/1878,17.7,12.5,15.1
05/1878,19.9,13.7,16.8
06/1878,22.9,15.1,19
07/1878,26.4,17.6,22
08/1878,24.6,17.9,21.25
09/1878,25.8,16.9,21.35
10/1878,20.1,14,17.05
11/1878,14.5,8.8,11.65
12/1878,13.3,8.4,10.85
01/1879,13.7,9.3,11.5
02/1879,13.4,9.4,11.4
03/1879,14.9,8.9,11.9
04/1879,15.2,9.9,12.55
05/1879,20.1,11.7,15.9
06/1879,21.4,14.5,17.95
07/1879,25,15.8,20.4
08/1879,25.8,16.7,21.25
09/1879,21.9,15.1,18.5
10/1879,20.4,13.9,17.15
11/1879,18.2,12.2,15.2
12/1879,11.7,5.1,8.4
01/1880,12.8,5.8,9.3
02/1880,15,8.8,11.9
03/1880,17.2,10.7,13.95
04/1880,16.2,10.5,13.35
05/1880,19.6,12.3,15.95
06/1880,20.8,13.7,17.25
07/1880,23.9,15.6,19.75
08/1880,24.7,17.5,21.1
09/1880,25,17.3,21.15
10/1880,20.8,15.4,18.1
11/1880,15.4,9.9,12.65
12/1880,13.9,8.2,11.05
01/1881,13.7,9,11.35
02/1881,14.5,9.6,12.05
03/1881,16.8,11.8,14.3
04/1881,17.6,11.7,14.65
05/1881,21.5,13.6,17.55
06/1881,23.5,15.8,19.65
07/1881,27,17.5,22.25
08/1881,29.2,18.8,24
09/1881,24.3,16.3,20.3
10/1881,19.6,13.5,16.55
11/1881,17.8,11.6,14.7
12/1881,12.8,7.2,10
01/1882,13.7,6.9,10.3
02/1882,15.7,8.4,12.05
03/1882,17.9,9.8,13.85
04/1882,17.8,11.1,14.45
05/1882,19.1,12.8,15.95
06/1882,22.3,14.5,18.4
07/1882,25,16.2,20.6
08/1882,25.9,17.3,21.6
09/1882,22.2,14.9,18.55
10/1882,19.6,13.7,16.65
11/1882,16.6,11.1,13.85
12/1882,13.5,8.1,10.8
01/1883,13.7,8.2,10.95
02/1883,15.1,8,11.55
03/1883,13.6,7.7,10.65
04/1883,17.4,10.4,13.9
05/1883,18.3,11.3,14.8
06/1883,21.3,13.8,17.55
07/1883,24.1,15.6,19.85
08/1883,27.5,16.9,22.2
09/1883,23,15.4,19.2
10/1883,19.6,12.8,16.2
11/1883,17.2,10.8,14
12/1883,13.2,6.1,9.65
01/1884,14.7,7.9,11.3
02/1884,13.4,7.9,10.65
03/1884,15.8,9.4,12.6
04/1884,14.7,9.9,12.3
05/1884,21.1,12.4,16.75
06/1884,23.9,15,19.45
07/1884,26,17.8,21.9
08/1884,27.5,18.3,22.9
09/1884,23.4,16.3,19.85
10/1884,20.7,12.8,16.75
11/1884,16.6,9.5,13.05
12/1884,13.3,7.2,10.25
01/1885,12.1,6.7,9.4
02/1885,15.6,10.6,13.1
03/1885,15,9.2,12.1
04/1885,15.3,9.5,12.4
05/1885,20,12.6,16.3
06/1885,22.7,15.6,19.15
07/1885,24.2,15.8,20
08/1885,25.4,16.7,21.05
09/1885,24.6,16.4,20.5
10/1885,18.3,12.1,15.2
11/1885,15.7,10.4,13.05
12/1885,12.9,7.8,10.35
01/1886,12.3,6.8,9.55
02/1886,13.5,7.6,10.55
03/1886,16.4,11.4,13.9
04/1886,17.4,11.1,14.25
05/1886,19.4,12,15.7
06/1886,23.2,15.5,19.35
07/1886,26.5,17.5,22
08/1886,27.7,17.6,22.65
09/1886,23.9,16.4,20.15
10/1886,18.8,12.9,15.85
11/1886,15.6,9,12.3
12/1886,14,9,11.5
01/1887,12.4,7,9.7
02/1887,13.6,6.2,9.9
03/1887,16.3,10.4,13.35
04/1887,17.1,9.8,13.45
05/1887,20.4,13.2,16.8
06/1887,26.4,18,22.2
07/1887,27.4,18,22.7
08/1887,26.8,18.2,22.5
09/1887,23.4,15.9,19.65
10/1887,19.4,11.7,15.55
11/1887,15.7,11,13.35
12/1887,13,7.4,10.2
01/1888,13,6.7,9.85
02/1888,11.7,4.9,8.3
03/1888,13.4,8.7,11.05
04/1888,16.2,9.5,12.85
05/1888,22,13.8,17.9
06/1888,22.8,14.9,18.85
07/1888,24.2,16.1,20.15
08/1888,27.1,17.1,22.1
09/1888,24.7,17.4,21.05
10/1888,20.8,13.8,17.3
11/1888,16.7,10.5,13.6
12/1888,14.2,8.9,11.55
01/1889,12.5,6.3,9.4
02/1889,14.3,7.6,10.95
03/1889,15.2,8.4,11.8
04/1889,15.5,9.3,12.4
05/1889,17.7,11.4,14.55
06/1889,20.9,14.1,17.5
07/1889,24.4,16.7,20.55
08/1889,25.7,16.7,21.2
09/1889,25.8,17,21.4
10/1889,18.7,12.8,15.75
11/1889,16.8,10.9,13.85
12/1889,12.8,6,9.4
01/1890,14,8.1,11.05
02/1890,13.4,6.6,10
03/1890,14.8,7.7,11.25
04/1890,17,10.4,13.7
05/1890,17.6,11.6,14.6
06/1890,26.3,16.1,21.2
07/1890,25.8,16.2,21
08/1890,24.7,16.2,20.45
09/1890,25.4,16.8,21.1
10/1890,22.7,14,18.35
11/1890,16.6,9.7,13.15
12/1890,12.2,7.3,9.75
01/1891,11.3,5.4,8.35
02/1891,15.6,6.9,11.25
03/1891,15.1,8.7,11.9
04/1891,17.5,11.4,14.45
05/1891,18.4,12.2,15.3
06/1891,23.4,15.9,19.65
07/1891,25.9,17.1,21.5
08/1891,26,16.5,21.25
09/1891,24.6,16,20.3
10/1891,19.4,14.1,16.75
11/1891,16,11.1,13.55
12/1891,13.5,8.6,11.05
01/1892,13,7.2,10.1
02/1892,14.4,8.3,11.35
03/1892,15.4,10,12.7
04/1892,18,11.2,14.6
05/1892,21.4,14,17.7
06/1892,23.8,15.8,19.8
07/1892,25.4,17.4,21.4
08/1892,27.8,17.6,22.7
09/1892,25.6,17,21.3
10/1892,18.6,13,15.8
11/1892,17.1,11.7,14.4
12/1892,13.6,7.3,10.45
01/1893,13.1,6.6,9.85
02/1893,14.7,9.2,11.95
03/1893,18.7,11.8,15.25
04/1893,18.8,12.4,15.6
05/1893,21.6,14.9,18.25
06/1893,24.6,16.8,20.7
07/1893,27.8,18.6,23.2
08/1893,28.3,18.4,23.35
09/1893,23.8,17.1,20.45
10/1893,22.4,14.4,18.4
11/1893,16.3,10.8,13.55
12/1893,13.4,7.9,10.65
01/1894,12.6,7.4,10
02/1894,14.6,7.4,11
03/1894,16,9.1,12.55
04/1894,15.8,10.7,13.25
05/1894,18.9,11.9,15.4
06/1894,24.6,15.6,20.1
07/1894,26.3,16.7,21.5
08/1894,27.1,17.9,22.5
09/1894,23.5,16.4,19.95
10/1894,20.9,15.1,18
11/1894,16.9,10.9,13.9
12/1894,14,8.7,11.35
01/1895,12.2,7.1,9.65
02/1895,14.9,10.7,12.8
03/1895,14.5,9,11.75
04/1895,17.6,11.8,14.7
05/1895,21.9,13.9,17.9
06/1895,24.7,16.2,20.45
07/1895,25.5,17.6,21.55
08/1895,27.7,18.1,22.9
09/1895,24.7,17.8,21.25
10/1895,21.2,15.6,18.4
11/1895,18.5,13.7,16.1
12/1895,15.2,10.4,12.8
01/1896,13.6,6.9,10.25
02/1896,15.6,7.6,11.6
03/1896,17.9,10.2,14.05
04/1896,22.5,12.9,17.7
05/1896,22.1,14.3,18.2
06/1896,23.8,15.9,19.85
07/1896,26.4,17.8,22.1
08/1896,26.8,17.5,22.15
09/1896,24.9,16.4,20.65
10/1896,18.2,11.4,14.8
11/1896,14.7,9,11.85
12/1896,13.9,9.3,11.6
01/1897,11.8,7.1,9.45
02/1897,16.2,9.6,12.9
03/1897,18.3,11.5,14.9
04/1897,18.1,11.5,14.8
05/1897,20.7,13.7,17.2
06/1897,26.2,17.1,21.65
07/1897,27.9,18.3,23.1
08/1897,26.4,17.8,22.1
09/1897,24.8,16.1,20.45
10/1897,22.2,15.6,18.9
11/1897,17.9,12.5,15.2
12/1897,14.8,10.2,12.5
01/1898,13.8,7.9,10.85
02/1898,15.9,8.5,12.2
03/1898,15.4,8.4,11.9
04/1898,17.6,10.9,14.25
05/1898,20.2,13,16.6
06/1898,23.5,15.4,19.45
07/1898,27.4,18.7,23.05
08/1898,28.8,18.9,23.85
09/1898,26,18.5,22.25
10/1898,21.1,15.3,18.2
11/1898,16.1,10.9,13.5
12/1898,13.9,7.4,10.65
01/1899,13.7,8.7,11.2
02/1899,15.3,10.7,13
03/1899,17.2,10.5,13.85
04/1899,21.3,12.7,17
05/1899,21.8,14.4,18.1
06/1899,24,15.9,19.95
07/1899,28.1,19,23.55
08/1899,27.8,19.9,23.85
09/1899,25.9,17.8,21.85
10/1899,22.9,17.7,20.3
11/1899,18,12.2,15.1
12/1899,14.7,9.5,12.1
01/1900,13.5,7.7,10.6
02/1900,14.6,10.2,12.4
03/1900,14.4,8.1,11.25
04/1900,19.6,12.8,16.2
05/1900,19.9,13.2,16.55
06/1900,23.5,15.2,19.35
07/1900,28,18.6,23.3
08/1900,25.7,17.6,21.65
09/1900,25,17.8,21.4
10/1900,20.9,14.3,17.6
11/1900,16.4,11.1,13.75
12/1900,14.5,9.4,11.95
01/1901,13.4,7.8,10.6
02/1901,12,5.9,8.95
03/1901,14.7,9,11.85
04/1901,18.6,11.9,15.25
05/1901,21,13.9,17.45
06/1901,24.9,16.1,20.5
07/1901,27.4,17.4,22.4
08/1901,27.2,18.6,22.9
09/1901,22.6,16.5,19.55
10/1901,18.9,13.3,16.1
11/1901,15.4,8.8,12.1
12/1901,12.8,7.6,10.2
01/1902,13.3,7.6,10.45
02/1902,14,9.9,11.95
03/1902,17.4,10.6,14
04/1902,17.2,12,14.6
05/1902,20.6,12.4,16.5
06/1902,21.8,14.5,18.15
07/1902,24.7,17.4,21.05
08/1902,26.1,17.2,21.65
09/1902,24.1,16.4,20.25
10/1902,20.3,13.5,16.9
11/1902,16.9,11.9,14.4
12/1902,13.6,8.8,11.2
01/1903,13,7.6,10.3
02/1903,15.7,8.8,12.25
03/1903,16,10.6,13.3
04/1903,20.1,12.5,16.3
05/1903,19,12.9,15.95
06/1903,22.6,15.6,19.1
07/1903,25.7,18,21.85
08/1903,27.8,18.6,23.2
09/1903,22.9,16,19.45
10/1903,20.3,14.1,17.2
11/1903,17.4,11.2,14.3
12/1903,12.5,8,10.25
01/1904,12.9,8.4,10.65
02/1904,13.4,9.5,11.45
03/1904,14.4,8.9,11.65
04/1904,20.1,11.7,15.9
05/1904,22.1,13.9,18
06/1904,23.4,15.9,19.65
07/1904,25.3,17.2,21.25
08/1904,27,18.6,22.8
09/1904,22.7,16.1,19.4
10/1904,22.9,15.6,19.25
11/1904,16.9,11,13.95
12/1904,14.8,10.6,12.7
01/1905,12.7,7,9.85
02/1905,13.3,7.2,10.25
03/1905,16.2,11,13.6
04/1905,19.2,12.8,16
05/1905,21.4,13.8,17.6
06/1905,21.9,15.3,18.6
07/1905,26.5,18.2,22.35
08/1905,25.8,17.6,21.7
09/1905,23.4,16.2,19.8
10/1905,20.8,13.7,17.25
11/1905,14.7,10.4,12.55
12/1905,14.1,8.7,11.4
01/1906,13.7,8.8,11.25
02/1906,12.9,8,10.45
03/1906,15.7,9.3,12.5
04/1906,17.3,10.9,14.1
05/1906,20.6,13.4,17
06/1906,25,17.1,21.05
07/1906,26.4,18,22.2
08/1906,28.2,18.8,23.5
09/1906,24.6,18.2,21.4
10/1906,20.9,14.9,17.9
11/1906,16.4,10.6,13.5
12/1906,13.6,8,10.8
01/1907,12.7,6.3,9.5
02/1907,13.1,7.4,10.25
03/1907,18.5,10.3,14.4
04/1907,18,11.5,14.75
05/1907,19,12.6,15.8
06/1907,23.3,15.8,19.55
07/1907,24.7,16.8,20.75
08/1907,28.6,18.5,23.55
09/1907,26.1,18.1,22.1
10/1907,18.3,13.8,16.05
11/1907,15.5,11.2,13.35
12/1907,14.6,11.1,12.85
01/1908,13.2,8.8,11
02/1908,15.1,8.6,11.85
03/1908,15,8.9,11.95
04/1908,16.2,10.5,13.35
05/1908,22.4,14.6,18.5
06/1908,22.8,15.9,19.35
07/1908,26.4,17.2,21.8
08/1908,26.2,18.1,22.15
09/1908,24.9,16.7,20.8
10/1908,21.3,15.5,18.4
11/1908,17.3,12.5,14.9
12/1908,14.4,10.4,12.4
01/1909,12.4,7.5,9.95
02/1909,13.4,7.6,10.5
03/1909,14,9.4,11.7
04/1909,19.9,12.7,16.3
05/1909,21.8,14.8,18.3
06/1909,21.1,14.7,17.9
07/1909,27.3,17.9,22.6
08/1909,26.3,17.6,21.95
09/1909,23.2,16,19.6
10/1909,21.6,15,18.3
11/1909,16,11.4,13.7
12/1909,14.8,11,12.9
01/1910,13.1,7.6,10.35
02/1910,15,10,12.5
03/1910,15.4,8.6,12
04/1910,18,11,14.5
05/1910,19.4,12,15.7
06/1910,23,15.1,19.05
07/1910,24.9,16.9,20.9
08/1910,26.8,17.4,22.1
09/1910,25.3,17.8,21.55
10/1910,20.7,14.7,17.7
11/1910,16.5,11.5,14
12/1910,14.5,10.1,12.3
01/1911,11.8,4.9,8.35
02/1911,15.3,8,11.65
03/1911,14.3,9.2,11.75
04/1911,16.6,9.6,13.1
05/1911,19.9,12.8,16.35
06/1911,21.3,14.6,17.95
07/1911,27.4,19,23.2
08/1911,27.2,18.2,22.7
09/1911,27.2,19,23.1
10/1911,19.4,14,16.7
11/1911,15.8,10.8,13.3
12/1911,14.8,10.7,12.75
01/1912,13.4,8.5,10.95
02/1912,15.6,10.8,13.2
03/1912,17,11.1,14.05
04/1912,19.3,11.5,15.4
05/1912,22.6,14.5,18.55
06/1912,22.5,14.4,18.45
07/1912,22.4,15.3,18.85
08/1912,23.7,15.7,19.7
09/1912,24.7,17.4,21.05
10/1912,20.2,14,17.1
11/1912,16.8,10.5,13.65
12/1912,13.1,7.1,10.1
01/1913,14.4,10.2,12.3
02/1913,14,8.2,11.1
03/1913,16,10,13
04/1913,16.5,10.7,13.6
05/1913,20.6,13.4,17
06/1913,26.4,16.5,21.45
07/1913,26.4,17.3,21.85
08/1913,25.3,17.5,21.4
09/1913,22.8,16.2,19.5
10/1913,19.7,14,16.85
11/1913,17,11.8,14.4
12/1913,12.8,7.7,10.25
01/1914,12.5,6.8,9.65
02/1914,14.4,9.6,12
03/1914,15.8,10.2,13
04/1914,18.6,11.7,15.15
05/1914,21.3,13.4,17.35
06/1914,22,14.8,18.4
07/1914,25.1,16.4,20.75
08/1914,27,17.4,22.2
09/1914,26.6,18.2,22.4
10/1914,21.3,14.5,17.9
11/1914,16,11,13.5
12/1914,14.2,10,12.1
01/1915,12.5,8.2,10.35
02/1915,13.5,8.9,11.2
03/1915,16.3,10.8,13.55
04/1915,17.4,10.5,13.95
05/1915,20.5,14.2,17.35
06/1915,24.1,16.5,20.3
07/1915,26.6,17.7,22.15
08/1915,27.8,18.6,23.2
09/1915,25.3,17.5,21.4
10/1915,20.6,14.1,17.35
11/1915,16.4,11.5,13.95
12/1915,15.2,11.3,13.25
01/1916,13.8,8,10.9
02/1916,13.8,8.8,11.3
03/1916,13.6,8.9,11.25
04/1916,18.3,10.7,14.5
05/1916,20.8,13.7,17.25
06/1916,23.7,15.1,19.4
07/1916,25.1,16.9,21
08/1916,26.6,18.4,22.5
09/1916,26.1,17.5,21.8
10/1916,22.5,15,18.75
11/1916,16.4,11.4,13.9
12/1916,14.6,10.1,12.35
01/1917,12.7,7.7,10.2
02/1917,13.2,8,10.6
03/1917,14.6,8.7,11.65
04/1917,17.8,10.4,14.1
05/1917,19.8,13.9,16.85
06/1917,24.2,15.7,19.95
07/1917,27.7,17.8,22.75
08/1917,25.6,16.6,21.1
09/1917,27.4,17.4,22.4
10/1917,20.7,13.2,16.95
11/1917,18,10.5,14.25
12/1917,11.9,5.8,8.85
01/1918,14,9.5,11.75
02/1918,15.9,9.3,12.6
03/1918,15.7,9.9,12.8
04/1918,16.5,10.5,13.5
05/1918,21.7,13.9,17.8
06/1918,25.9,17.2,21.55
07/1918,26.8,18.3,22.55
08/1918,28.5,19.1,23.8
09/1918,22.8,16.7,19.75
10/1918,19.1,12.1,15.6
11/1918,16.3,11.3,13.8
12/1918,13.9,9.2,11.55
01/1919,13.4,8.8,11.1
02/1919,14.8,11.2,13
03/1919,15.2,10.1,12.65
04/1919,18,10.6,14.3
05/1919,20.9,13.3,17.1
06/1919,26.8,17.2,22
07/1919,25.1,17.1,21.1
08/1919,29.7,19.2,24.45
09/1919,25.5,17.9,21.7
10/1919,19.9,13.7,16.8
11/1919,15.4,10.1,12.75
12/1919,13.8,9.2,11.5
01/1920,13.4,8.7,11.05
02/1920,15.2,9.3,12.25
03/1920,16.8,9.8,13.3
04/1920,18.8,12.6,15.7
05/1920,22,14.7,18.35
06/1920,24.4,16.8,20.6
07/1920,25.5,16.5,21
08/1920,27,17.4,22.2
09/1920,25.8,17.3,21.55
10/1920,19,14.3,16.65
11/1920,16.7,11.5,14.1
12/1920,14,9.6,11.8
01/1921,14.2,8.7,11.45
02/1921,14.2,8.4,11.3
03/1921,17,9.5,13.25
04/1921,18.9,11.4,15.15
05/1921,20.8,13.2,17
06/1921,23.6,15.6,19.6
07/1921,27.9,18.8,23.35
08/1921,27.6,18.1,22.85
09/1921,24.6,17.2,20.9
10/1921,22.6,16.4,19.5
11/1921,17.4,11.8,14.6
12/1921,13.9,8.2,11.05
01/1922,13.8,8.6,11.2
02/1922,14.5,9.2,11.85
03/1922,14.3,8.9,11.6
04/1922,16.9,11,13.95
05/1922,24.6,15.4,20
06/1922,24.6,16,20.3
07/1922,26.1,16.6,21.35
08/1922,27.6,18.2,22.9
09/1922,25,16.6,20.8
10/1922,21.4,15.2,18.3
11/1922,17,11.4,14.2
12/1922,13.7,7.7,10.7
01/1923,12.5,6.6,9.55
02/1923,14.7,9.8,12.25
03/1923,17.5,10.8,14.15
04/1923,16,10,13
05/1923,19.9,12.8,16.35
06/1923,26.1,16.3,21.2
07/1923,27.5,18.2,22.85
08/1923,29.5,18.6,24.05
09/1923,25.3,16.8,21.05
10/1923,22.4,15.6,19
11/1923,15.4,10.6,13
12/1923,13.1,7.6,10.35
01/1924,13.8,8.7,11.25
02/1924,12.4,6.2,9.3
03/1924,15.4,11.3,13.35
04/1924,18.8,12,15.4
05/1924,21.7,14.2,17.95
06/1924,24.8,16.2,20.5
07/1924,26.7,17.6,22.15
08/1924,25.9,17.3,21.6
09/1924,23.2,16.4,19.8
10/1924,20.9,14.7,17.8
11/1924,16.1,10.9,13.5
12/1924,14.5,9.8,12.15
01/1925,14,8.4,11.2
02/1925,13.4,8.2,10.8
03/1925,14.9,7.8,11.35
04/1925,17.1,10.8,13.95
05/1925,19.3,12.5,15.9
06/1925,23.5,16.5,20
07/1925,25.5,16.8,21.15
08/1925,27.5,18.2,22.85
09/1925,26,17.1,21.55
10/1925,21.6,15.3,18.45
11/1925,15.4,10.4,12.9
12/1925,15,11.4,13.2
01/1926,14.5,9.5,12
02/1926,17.3,11.3,14.3
03/1926,18,11.4,14.7
04/1926,17.5,11.6,14.55
05/1926,19.6,12.4,16
06/1926,23.6,15.5,19.55
07/1926,27.5,18.6,23.05
08/1926,29.4,20.1,24.75
09/1926,29.2,20.1,24.65
10/1926,23.5,16.4,19.95
11/1926,16.7,12,14.35
12/1926,13.1,7.9,10.5
01/1927,13.7,8.9,11.3
02/1927,14.5,8.9,11.7
03/1927,15.4,10.1,12.75
04/1927,20.4,12,16.2
05/1927,21.6,14.8,18.2
06/1927,25.3,16.8,21.05
07/1927,24.4,16.9,20.65
08/1927,26.6,17.5,22.05
09/1927,24,15.7,19.85
10/1927,22.5,14.8,18.65
11/1927,16.4,10.6,13.5
12/1927,13.9,10,11.95
01/1928,12.9,8.1,10.5
02/1928,15.4,9.4,12.4
03/1928,15.1,10.2,12.65
04/1928,16.3,10.7,13.5
05/1928,18.2,11.8,15
06/1928,24.3,15.6,19.95
07/1928,29.8,19.7,24.75
08/1928,27.1,17.9,22.5
09/1928,25.4,17.7,21.55
10/1928,20.7,14.6,17.65
11/1928,15.8,10.1,12.95
12/1928,13.1,7.3,10.2
01/1929,12.5,7.5,10
02/1929,14.8,9.3,12.05
03/1929,18.2,10.6,14.4
04/1929,19.7,12.1,15.9
05/1929,19.6,12,15.8
06/1929,24.2,16.1,20.15
07/1929,27.1,17.4,22.25
08/1929,28,18.1,23.05
09/1929,25.4,18,21.7
10/1929,21.6,14.8,18.2
11/1929,17,11.9,14.45
12/1929,15.5,10.8,13.15
01/1930,13.7,8.7,11.2
02/1930,13,6.8,9.9
03/1930,17.1,10.3,13.7
04/1930,15.3,10.2,12.75
05/1930,21,13.1,17.05
06/1930,22.2,15.2,18.7
07/1930,25.2,17.8,21.5
08/1930,28.2,18.8,23.5
09/1930,25.8,17.2,21.5
10/1930,21.9,15.3,18.6
11/1930,17.8,12,14.9
12/1930,14.7,10.2,12.45
01/1931,13.4,8.5,10.95
02/1931,14.3,8.8,11.55
03/1931,16.2,11.5,13.85
04/1931,18.4,11.7,15.05
05/1931,19,12.5,15.75
06/1931,24.2,16,20.1
07/1931,25.3,16.5,20.9
08/1931,24.6,16.8,20.7
09/1931,24.4,16.4,20.4
10/1931,21.2,14.3,17.75
11/1931,17.4,11.6,14.5
12/1931,13.2,6.1,9.65
01/1932,13.2,7.2,10.2
02/1932,13.1,6.2,9.65
03/1932,16.2,10.2,13.2
04/1932,16.4,9.8,13.1
05/1932,19.2,12.1,15.65
06/1932,22.3,14.9,18.6
07/1932,25.2,16.5,20.85
08/1932,27.2,18.5,22.85
09/1932,24.6,17.3,20.95
10/1932,19.5,13.8,16.65
11/1932,16.8,11.4,14.1
12/1932,14.1,9.2,11.65
01/1933,12.4,7,9.7
02/1933,13.8,6.7,10.25
03/1933,15.9,10.2,13.05
04/1933,20.3,11.8,16.05
05/1933,22.2,14.8,18.5
06/1933,22.4,14.8,18.6
07/1933,27.4,17.8,22.6
08/1933,28.2,18.4,23.3
09/1933,22.9,16.7,19.8
10/1933,19.8,14,16.9
11/1933,14.9,9.3,12.1
12/1933,11,5.8,8.4
01/1934,11.3,6.2,8.75
02/1934,14.3,5.3,9.8
03/1934,14.2,8.4,11.3
04/1934,15.5,9.5,12.5
05/1934,21.3,12.9,17.1
06/1934,24.8,15.1,19.95
07/1934,26.9,16.9,21.9
08/1934,25.6,16,20.8
09/1934,25.4,16.3,20.85
10/1934,23.3,14.6,18.95
11/1934,15,7.9,11.45
12/1934,15.7,10.9,13.3
01/1935,12.4,5.4,8.9
02/1935,14.3,7,10.65
03/1935,17.8,9.6,13.7
04/1935,18.3,10.2,14.25
05/1935,18,10.9,14.45
06/1935,22.8,14.2,18.5
07/1935,26.8,16.7,21.75
08/1935,27.5,16.9,22.2
09/1935,26,16,21
10/1935,20.6,12.5,16.55
11/1935,16.1,10.3,13.2
12/1935,14.6,10,12.3
01/1936,14.9,10.6,12.75
02/1936,14.9,10.1,12.5
03/1936,14.6,10,12.3
04/1936,17.3,11.4,14.35
05/1936,18,11.3,14.65
06/1936,20.9,13.4,17.15
07/1936,25.2,15.9,20.55
08/1936,28.7,17.6,23.15
09/1936,25.6,16.6,21.1
10/1936,21.4,13.2,17.3
11/1936,15.9,9.8,12.85
12/1936,13.5,6.7,10.1
01/1937,13.7,7.8,10.75
02/1937,16.1,10,13.05
03/1937,14.6,9.3,11.95
04/1937,19.4,12.1,15.75
05/1937,21.8,12.8,17.3
06/1937,22.7,14.4,18.55
07/1937,27.9,17.4,22.65
08/1937,27.6,17.2,22.4
09/1937,25.3,16.2,20.75
10/1937,20.7,14.4,17.55
11/1937,17.4,12.9,15.15
12/1937,13.4,8.3,10.85
01/1938,13.3,7.9,10.6
02/1938,14.7,7.9,11.3
03/1938,19.2,10.4,14.8
04/1938,20.5,12.4,16.45
05/1938,20.3,13.1,16.7
06/1938,25.7,16.2,20.95
07/1938,26.2,16.5,21.35
08/1938,26.6,17.3,21.95
09/1938,22.6,15.5,19.05
10/1938,22.2,14.8,18.5
11/1938,18.7,12.9,15.8
12/1938,13.8,9,11.4
01/1939,14.6,10.4,12.5
02/1939,15.2,9,12.1
03/1939,16.2,9.2,12.7
04/1939,17.4,11,14.2
05/1939,21.6,13.5,17.55
06/1939,22.1,15,18.55
07/1939,25.8,16.7,21.25
08/1939,24.8,17.2,21
09/1939,25,17.2,21.1
10/1939,19.4,14.2,16.8
11/1939,16.6,11.1,13.85
12/1939,14.3,10.2,12.25
01/1940,13.7,9,11.35
02/1940,15.2,10.5,12.85
03/1940,17.4,12,14.7
04/1940,18.8,12.3,15.55
05/1940,19.8,12.9,16.35
06/1940,24.4,15.4,19.9
07/1940,25.6,16.4,21
08/1940,30,19.2,24.6
09/1940,25.4,17,21.2
10/1940,19.6,13.6,16.6
11/1940,16.3,10.7,13.5
12/1940,12.8,6.9,9.85
01/1941,11.9,7.2,9.55
02/1941,14,9.3,11.65
03/1941,15.9,10.1,13
04/1941,17.5,11.4,14.45
05/1941,19.3,11.6,15.45
06/1941,25.7,15.9,20.8
07/1941,27.7,17.7,22.7
08/1941,29.6,17.2,23.4
09/1941,28,17.6,22.8
10/1941,25.3,14.7,20
11/1941,17.1,9.6,13.35
12/1941,13,6.1,9.55
01/1942,14,7.7,10.85
02/1942,14.4,5.8,10.1
03/1942,16.9,11,13.95
04/1942,18.3,11,14.65
05/1942,21.2,13.1,17.15
06/1942,25.2,15.8,20.5
07/1942,28.4,17.3,22.85
08/1942,27.1,16.8,21.95
09/1942,26.5,16.7,21.6
10/1942,23.5,14.8,19.15
11/1942,17.2,10.6,13.9
12/1942,15.5,9.2,12.35
01/1943,15.6,9.8,12.7
02/1943,15.8,8.2,12
03/1943,18.2,10.2,14.2
04/1943,22.8,13.1,17.95
05/1943,24.9,14,19.45
06/1943,27.7,16.2,21.95
07/1943,27.2,17.3,22.25
08/1943,30.5,18,24.25
09/1943,23.9,15.5,19.7
10/1943,21.7,13.5,17.6
11/1943,17,9.2,13.1
12/1943,14,7.9,10.95
01/1944,14.8,6.1,10.45
02/1944,15.2,6.3,10.75
03/1944,18.4,8.7,13.55
04/1944,21.7,12.4,17.05
05/1944,25,14.1,19.55
06/1944,26.8,16.9,21.85
07/1944,28.2,17,22.6
08/1944,27.8,17.9,22.85
09/1944,27.1,16.6,21.85
10/1944,20.9,12.5,16.7
11/1944,18.1,10.1,14.1
12/1944,14,7.4,10.7
01/1945,11.8,5.1,8.45
02/1945,17.4,8.4,12.9
03/1945,21.1,9.8,15.45
04/1945,24,13.5,18.75
05/1945,22.2,13,17.6
06/1945,27.1,16.7,21.9
07/1945,27.6,16.4,22
08/1945,27.3,16.3,21.8
09/1945,28,16.3,22.15
10/1945,24.8,15.3,20.05
11/1945,19.6,13,16.3
12/1945,16,9.5,12.75
01/1946,13.6,6.8,10.2
02/1946,17.1,8.5,12.8
03/1946,16.9,9,12.95
04/1946,19.2,11.4,15.3
05/1946,18.8,11.5,15.15
06/1946,24.9,14.5,19.7
07/1946,30.3,17.7,24
08/1946,27,16.3,21.65
09/1946,26.6,15.4,21
10/1946,23,14.8,18.9
11/1946,18.4,11.2,14.8
12/1946,14.8,8.1,11.45
01/1947,13.6,6.4,10
02/1947,14.3,9,11.65
03/1947,17.2,10.6,13.9
04/1947,22.8,11.6,17.2
05/1947,21.3,11.6,16.45
06/1947,25.4,14.9,20.15
07/1947,28.2,16.3,22.25
08/1947,28.9,18.2,23.55
09/1947,27,16.9,21.95
10/1947,24.7,15.5,20.1
11/1947,21.4,12,16.7
12/1947,15,7.8,11.4
01/1948,15.7,9.1,12.4
02/1948,17.3,8.9,13.1
03/1948,21.6,11.6,16.6
04/1948,19.5,11,15.25
05/1948,20.8,12.6,16.7
06/1948,27.5,16.6,22.05
07/1948,28.5,16.7,22.6
08/1948,28.5,17.5,23
09/1948,28.1,17.4,22.75
10/1948,24.6,15.4,20
11/1948,21,12.3,16.65
12/1948,16.5,10.3,13.4
01/1949,15.9,7.7,11.8
02/1949,18.1,8.7,13.4
03/1949,18.6,10.2,14.4
04/1949,23,13.2,18.1
05/1949,22.2,12.6,17.4
06/1949,27,15.9,21.45
07/1949,29.7,18.5,24.1
08/1949,31.1,19.4,25.25
09/1949,25.3,17.5,21.4
10/1949,23.9,15.3,19.6
11/1949,19,12.1,15.55
12/1949,14.9,9.1,12
01/1950,14.55,7.13,10.84
02/1950,16.88,8.55,12.72
03/1950,18.68,10.27,14.48
04/1950,20.54,11.35,15.94
05/1950,21.64,12.82,17.23
06/1950,25.4,15.75,20.57
07/1950,28.38,17.79,23.09
08/1950,27.64,16.92,22.28
09/1950,26.64,16.11,21.38
10/1950,22.98,14.24,18.61
11/1950,19.67,12.4,16.04
12/1950,13.79,8.03,10.91
01/1951,14.79,8.04,11.42
02/1951,14.11,8.29,11.2
03/1951,17.04,9.56,13.3
04/1951,19.87,10.85,15.36
05/1951,19.76,11.62,15.69
06/1951,25.9,15.19,20.55
07/1951,26.8,17.01,21.9
08/1951,26.93,16.75,21.84
09/1951,27.72,16.8,22.26
10/1951,22.61,13.65,18.13
11/1951,16.91,10.75,13.83
12/1951,15.59,9.41,12.5
01/1952,13.34,6.48,9.91
02/1952,15.94,7.97,11.96
03/1952,19.1,10.95,15.03
04/1952,19.07,10.97,15.02
05/1952,21.94,13.61,17.77
06/1952,25.99,16.14,21.06
07/1952,27.48,16.8,22.14
08/1952,27.39,16.89,22.14
09/1952,25.4,14.7,20.05
10/1952,22.33,13.94,18.14
11/1952,19.26,10.93,15.1
12/1952,15.91,9.01,12.46
01/1953,13.89,6.91,10.4
02/1953,14.99,7.53,11.26
03/1953,18.72,9.32,14.02
04/1953,19.81,11.03,15.42
05/1953,25.14,14.86,20
06/1953,23.92,14.75,19.33
07/1953,28.32,16.65,22.48
08/1953,30.06,18.48,24.27
09/1953,27.47,17.66,22.56
10/1953,22.02,13.69,17.86
11/1953,19.11,12.16,15.64
12/1953,16.24,10.41,13.33
01/1954,12.76,6.25,9.51
02/1954,14.14,7.13,10.63
03/1954,16.47,9.29,12.88
04/1954,19.3,10.92,15.11
05/1954,22.77,12.84,17.8
06/1954,24,14.18,19.09
07/1954,27.67,16.41,22.04
08/1954,26.47,16.15,21.31
09/1954,26.05,16.03,21.04
10/1954,24.88,15.74,20.31
11/1954,19.09,12.89,15.99
12/1954,15.11,8.46,11.79
01/1955,16.49,11.5,14
02/1955,16.32,8.98,12.65
03/1955,16.81,9.33,13.07
04/1955,22.59,12.76,17.67
05/1955,23.98,14.15,19.06
06/1955,26.29,15.75,21.02
07/1955,26.62,16.73,21.67
08/1955,28.28,17.54,22.91
09/1955,28.29,17.4,22.84
10/1955,23.32,14.55,18.94
11/1955,17.58,11.75,14.66
12/1955,17.09,10.48,13.78
01/1956,15.03,8.66,11.85
02/1956,11.69,3.8,7.75
03/1956,16.67,8.63,12.65
04/1956,18.11,11.17,14.64
05/1956,23.24,13.95,18.6
06/1956,25.7,15.84,20.77
07/1956,27.37,16.44,21.9
08/1956,26.18,16.17,21.18
09/1956,23.91,14.87,19.39
10/1956,22.37,14.63,18.5
11/1956,16.11,8.65,12.38
12/1956,13.89,6.08,9.98
01/1957,13.24,5.35,9.29
02/1957,15.76,9.16,12.46
03/1957,18.75,10.89,14.82
04/1957,19.66,10.42,15.04
05/1957,21.1,12.34,16.72
06/1957,24.39,14.66,19.52
07/1957,28.72,17.94,23.33
08/1957,28.8,17.47,23.14
09/1957,27.38,17.11,22.24
10/1957,22.68,13.11,17.89
11/1957,17.41,10.08,13.74
12/1957,13.56,6.39,9.97
01/1958,14.66,8.68,11.67
02/1958,16.44,10.34,13.39
03/1958,17.03,10.15,13.59
04/1958,19.75,10.49,15.12
05/1958,22.25,13.21,17.73
06/1958,23.75,15.17,19.46
07/1958,28.1,16.36,22.23
08/1958,26.97,16.63,21.8
09/1958,25.82,16.84,21.33
10/1958,23.79,14.69,19.24
11/1958,18.26,10.49,14.38
12/1958,15.35,9.84,12.59
01/1959,15.46,9.91,12.68
02/1959,15.45,7.68,11.57
03/1959,16.8,10.19,13.5
04/1959,18.91,11.6,15.26
05/1959,21.45,13.13,17.29
06/1959,25.15,15.6,20.37
07/1959,27.99,17.32,22.65
08/1959,28.24,17.84,23.04
09/1959,25.99,16.9,21.44
10/1959,22.12,14.26,18.19
11/1959,17.56,10.78,14.17
12/1959,14.75,9.61,12.18
01/1960,14.19,8.65,11.42
02/1960,15.71,9.61,12.66
03/1960,17.4,10.34,13.87
04/1960,20.53,12.11,16.32
05/1960,22.15,13.54,17.84
06/1960,25.57,16.33,20.95
07/1960,27.32,17.27,22.29
08/1960,26.74,16.45,21.6
09/1960,26.45,16.2,21.32
10/1960,20.3,13.15,16.73
11/1960,17.5,11.92,14.71
12/1960,14.21,8.4,11.3
01/1961,13.65,7.63,10.64
02/1961,17.42,9.82,13.62
03/1961,21.61,11.15,16.38
04/1961,19.63,11.52,15.58
05/1961,24.57,15.12,19.84
06/1961,26.08,16.23,21.16
07/1961,28.46,17.78,23.12
08/1961,31.3,19.11,25.21
09/1961,25.88,16.39,21.13
10/1961,21.07,13.74,17.4
11/1961,17.15,10.94,14.05
12/1961,15.71,10.59,13.15
01/1962,14.76,8.08,11.42
02/1962,15.78,7.3,11.54
03/1962,16.07,10.47,13.27
04/1962,19.57,11.28,15.43
05/1962,22.25,12.96,17.61
06/1962,26.63,16.68,21.66
07/1962,27.13,16.32,21.73
08/1962,28.99,17.56,23.28
09/1962,26.2,17.04,21.62
10/1962,23.49,16.03,19.76
11/1962,16.34,9.57,12.95
12/1962,13.44,7.55,10.5
01/1963,14.02,8.77,11.39
02/1963,14.39,7.86,11.13
03/1963,16.55,9.74,13.14
04/1963,19.68,11.43,15.55
05/1963,22.81,13.25,18.03
06/1963,23.29,14.7,19
07/1963,27.84,17.25,22.55
08/1963,25.95,16.26,21.11
09/1963,25.2,15.71,20.45
10/1963,24.74,14.57,19.65
11/1963,17.79,12.35,15.07
12/1963,14.07,8.35,11.21
01/1964,14.4,7.81,11.11
02/1964,15.75,9.33,12.54
03/1964,15.89,9.5,12.7
04/1964,19.3,10.45,14.88
05/1964,24.12,14.06,19.09
06/1964,25.62,16.13,20.88
07/1964,26.94,16.93,21.93
08/1964,28.75,18.09,23.42
09/1964,28.29,18.58,23.44
10/1964,22.45,14,18.23
11/1964,18.02,10.31,14.17
12/1964,13.35,6.27,9.81
01/1965,14.29,7.91,11.1
02/1965,14.01,6.74,10.38
03/1965,17.6,10.46,14.03
04/1965,20.21,11.55,15.88
05/1965,25.22,13.97,19.6
06/1965,26.11,15.88,20.99
07/1965,25.73,15.88,20.8
08/1965,28.68,17.4,23.04
09/1965,24.24,15.04,19.64
10/1965,21.38,15.09,18.23
11/1965,16.78,10.7,13.74
12/1965,14.71,9.52,12.11
01/1966,15.88,11.17,13.52
02/1966,16.17,10.43,13.3
03/1966,18.57,9.49,14.03
04/1966,19.05,11.86,15.46
05/1966,24.39,13.6,19
06/1966,25.1,16,20.55
07/1966,26.8,17.21,22.01
08/1966,27.65,16.75,22.2
09/1966,28.2,17.99,23.1
10/1966,20.13,13.58,16.86
11/1966,15.21,9,12.1
12/1966,14.52,7.95,11.24
01/1967,14.19,7.02,10.6
02/1967,15.41,8.69,12.05
03/1967,19.58,10.85,15.21
04/1967,19.61,10.7,15.15
05/1967,20.35,11.62,15.99
06/1967,26.45,15.81,21.13
07/1967,26.91,16.22,21.56
08/1967,27.26,16.69,21.98
09/1967,25.24,16.38,20.81
10/1967,22.99,14.45,18.72
11/1967,16.73,10.55,13.64
12/1967,13.76,7.47,10.61
01/1968,15.36,7.49,11.43
02/1968,15.46,9.21,12.33
03/1968,16.43,9.13,12.78
04/1968,18.08,10.49,14.29
05/1968,21.96,12.88,17.42
06/1968,25.51,15.05,20.28
07/1968,27.92,17.74,22.83
08/1968,27.85,17.45,22.65
09/1968,25.23,16.36,20.79
10/1968,24.55,15.78,20.17
11/1968,18.57,12.03,15.3
12/1968,15.03,9.11,12.07
01/1969,14.78,9.11,11.95
02/1969,13.73,7.68,10.71
03/1969,16.74,10.3,13.52
04/1969,18.83,10.4,14.61
05/1969,20.2,12.38,16.29
06/1969,23.8,15.28,19.54
07/1969,29.75,17.96,23.85
08/1969,28.94,18.44,23.69
09/1969,23.45,15.44,19.44
10/1969,22.46,15.05,18.76
11/1969,16.79,9.61,13.2
12/1969,14.36,8.1,11.23
01/1970,14.68,9.85,12.27
02/1970,15.68,8.23,11.95
03/1970,16.27,8.25,12.26
04/1970,20.06,10.36,15.21
05/1970,22.83,13.66,18.25
06/1970,23.3,15.13,19.21
07/1970,27.71,17.18,22.45
08/1970,26.73,16.68,21.7
09/1970,27.78,17.14,22.46
10/1970,23.82,14.16,18.99
11/1970,21.02,13.1,17.06
12/1970,11.83,5.05,8.44
01/1971,13.7,7.61,10.65
02/1971,17.14,8.97,13.05
03/1971,16.05,8.11,12.08
04/1971,17.9,10.52,14.21
05/1971,19.01,11.69,15.35
06/1971,23,13.95,18.48
07/1971,26.5,17.78,22.14
08/1971,25.92,16.34,21.13
09/1971,26.57,16.81,21.69
10/1971,25.39,15.77,20.58
11/1971,17.37,9.55,13.46
12/1971,15.36,8.28,11.82
01/1972,13.86,7.53,10.69
02/1972,14.84,8.65,11.74
03/1972,15.65,8.64,12.14
04/1972,19.88,11.1,15.49
05/1972,20.07,11.07,15.57
06/1972,21.6,12.75,17.18
07/1972,25.97,16.84,21.41
08/1972,26.49,17.14,21.81
09/1972,23.73,15.45,19.59
10/1972,20.5,13.3,16.9
11/1972,17.41,11.67,14.54
12/1972,14.18,8.85,11.51
01/1973,13.82,7.23,10.52
02/1973,15.07,8.19,11.63
03/1973,17.59,9.27,13.43
04/1973,20.76,11.41,16.09
05/1973,21.39,13.32,17.36
06/1973,25.74,16.14,20.94
07/1973,25.77,16.61,21.19
08/1973,28.66,17.82,23.24
09/1973,24.98,16.81,20.89
10/1973,22.04,14.53,18.28
11/1973,18.29,11.37,14.83
12/1973,14.35,7.47,10.91
01/1974,15.58,9.83,12.7
02/1974,15.41,8.54,11.97
03/1974,16.43,9.16,12.8
04/1974,17.63,9.91,13.77
05/1974,22.14,13.08,17.61
06/1974,24.01,15.41,19.71
07/1974,29.72,18.65,24.19
08/1974,28.21,17.09,22.65
09/1974,24.53,15.17,19.85
10/1974,20.31,11.92,16.11
11/1974,17.94,10.7,14.32
12/1974,15.13,8.21,11.67
01/1975,14.87,8.55,11.71
02/1975,16.14,10.15,13.14
03/1975,15.79,8.78,12.28
04/1975,19.16,10.41,14.79
05/1975,20.62,12.95,16.78
06/1975,24.1,14.83,19.46
07/1975,27.84,17.02,22.43
08/1975,28.5,18.58,23.54
09/1975,24.29,15.92,20.1
10/1975,23,14.7,18.85
11/1975,18.46,11.11,14.78
12/1975,12.99,6.86,9.92
01/1976,13.83,6.04,9.93
02/1976,16.16,9.16,12.66
03/1976,18.3,9.7,14
04/1976,17.53,10.29,13.91
05/1976,22.11,12.77,17.44
06/1976,28.13,16.97,22.55
07/1976,27.95,18.02,22.99
08/1976,28.23,18.5,23.36
09/1976,24.47,15.93,20.2
10/1976,20.56,13.55,17.05
11/1976,15.99,9.13,12.56
12/1976,15.02,10.1,12.56
01/1977,13.86,8.74,11.3
02/1977,15.49,10.05,12.77
03/1977,18.34,10.46,14.4
04/1977,19.93,11.71,15.82
05/1977,21.06,12.1,16.58
06/1977,22.64,13.32,17.98
07/1977,25.46,15.92,20.69
08/1977,26.22,16.15,21.18
09/1977,27.52,17.58,22.55
10/1977,21.84,14.17,18.01
11/1977,17.68,11.02,14.35
12/1977,16.5,11.24,13.87
01/1978,14.23,8.66,11.45
02/1978,15.75,9.93,12.84
03/1978,17.78,9.19,13.49
04/1978,17.28,10.15,13.71
05/1978,20.63,12.3,16.46
06/1978,22.52,13.91,18.21
07/1978,28.32,16.6,22.46
08/1978,28.07,16.83,22.45
09/1978,29.24,18.69,23.96
10/1978,22.92,14.22,18.57
11/1978,18.03,11.53,14.78
12/1978,16.21,11.65,13.93
01/1979,14.74,9.25,12
02/1979,15.03,9.98,12.51
03/1979,15.57,8.88,12.23
04/1979,18.75,10.6,14.68
05/1979,21.89,12.73,17.31
06/1979,25.37,15.58,20.47
07/1979,27.36,17.81,22.59
08/1979,27.95,17.46,22.71
09/1979,26.02,16.32,21.17
10/1979,19.73,13.72,16.72
11/1979,17.87,10.25,14.06
12/1979,15.59,9.72,12.66
01/1980,14.94,8.17,11.55
02/1980,16.76,9.42,13.09
03/1980,17.07,9.98,13.52
04/1980,21.13,12.26,16.69
05/1980,20.88,13.01,16.94
06/1980,24.56,15.05,19.8
07/1980,27.47,16.54,22
08/1980,28.25,18.31,23.28
09/1980,28.04,17.21,22.63
10/1980,22.66,14.35,18.51
11/1980,16.92,10.5,13.71
12/1980,14.63,7.35,10.99
01/1981,15.59,7.83,11.71
02/1981,15.98,7.52,11.75
03/1981,17.97,11.17,14.57
04/1981,18.29,10.96,14.62
05/1981,20.32,12.37,16.34
06/1981,26.74,17.57,22.15
07/1981,28.66,18.42,23.54
08/1981,27.82,17.75,22.78
09/1981,26.16,17.56,21.86
10/1981,22.83,15.15,18.99
11/1981,21.51,13.25,17.38
12/1981,16.87,11.12,14
01/1982,15.63,9.22,12.43
02/1982,16.32,9.76,13.04
03/1982,18.71,10.51,14.61
04/1982,20.54,12.36,16.45
05/1982,22.43,13.58,18
06/1982,24.83,15.66,20.25
07/1982,24.68,16.57,20.63
08/1982,28.27,18.11,23.19
09/1982,26.57,17.9,22.23
10/1982,21.44,13.63,17.53
11/1982,17.06,11.13,14.09
12/1982,14.39,8.72,11.56
01/1983,14.59,6.81,10.7
02/1983,14.02,7.78,10.9
03/1983,19.81,11.54,15.67
04/1983,18.08,10.84,14.46
05/1983,19.52,11.92,15.72
06/1983,25.74,16.92,21.33
07/1983,24.75,17.23,20.99
08/1983,26.85,17.97,22.41
09/1983,28.18,17.69,22.93
10/1983,24.06,15.66,19.86
11/1983,19.26,13.87,16.56
12/1983,15.46,9.07,12.27
01/1984,14.37,8.06,11.22
02/1984,15.41,8.03,11.72
03/1984,16.09,8.54,12.31
04/1984,21.36,13.43,17.4
05/1984,18.54,11.12,14.83
06/1984,24.42,15.74,20.08
07/1984,27.22,16.49,21.86
08/1984,28.4,17.73,23.06
09/1984,26.93,16.72,21.83
10/1984,22.33,13.49,17.91
11/1984,17.62,11.77,14.69
12/1984,15.63,9.73,12.68
01/1985,13.41,6.15,9.78
02/1985,16.42,10.69,13.55
03/1985,17.05,9.68,13.37
04/1985,19.4,12.05,15.73
05/1985,19.62,12.65,16.13
06/1985,24.6,15.92,20.26
07/1985,26.99,17.84,22.41
08/1985,28.02,17.46,22.74
09/1985,28.66,18.7,23.68
10/1985,24.79,15.93,20.36
11/1985,17.36,11.3,14.33
12/1985,15.45,9.01,12.23
01/1986,14.65,8.25,11.45
02/1986,14.8,9.03,11.91
03/1986,17.13,9.37,13.25
04/1986,16.71,9.13,12.92
05/1986,22.74,13.58,18.16
06/1986,25.3,15.82,20.56
07/1986,28.7,18.19,23.45
08/1986,26.51,17.17,21.84
09/1986,25.9,18.28,22.09
10/1986,23.47,16.05,19.76
11/1986,18.09,11,14.55
12/1986,15.24,8.5,11.87
01/1987,14.3,7.97,11.14
02/1987,15.33,8.78,12.05
03/1987,19.47,11.56,15.52
04/1987,19.95,12.45,16.2
05/1987,23.01,14.1,18.55
06/1987,26.27,16.32,21.3
07/1987,28.67,18.53,23.6
08/1987,28.55,18.94,23.74
09/1987,28.44,19.85,24.15
10/1987,19.55,14.07,16.81
11/1987,17.47,11.67,14.57
12/1987,15.72,11.05,13.38
01/1988,15.29,9.46,12.38
02/1988,15.16,8.8,11.98
03/1988,18.96,10.43,14.7
04/1988,18.66,11.99,15.32
05/1988,20.45,13.37,16.91
06/1988,22.9,15.94,19.42
07/1988,26.53,17.4,21.96
08/1988,27.59,17.63,22.61
09/1988,28.75,18.15,23.45
10/1988,22.92,14.97,18.95
11/1988,17.89,12.54,15.21
12/1988,14.44,7.84,11.14
01/1989,14.31,7.25,10.78
02/1989,16.57,9.53,13.05
03/1989,19.02,11.08,15.05
04/1989,17.14,10.57,13.86
05/1989,23.18,14.7,18.94
06/1989,26.08,17.1,21.59
07/1989,30.16,20.01,25.09
08/1989,27.29,19.5,23.39
09/1989,26.4,16.78,21.59
10/1989,24.22,16.42,20.32
11/1989,18.2,12.89,15.54
12/1989,16.26,12.38,14.32
01/1990,14.01,8.38,11.2
02/1990,17.9,10.93,14.42
03/1990,19.65,11.54,15.59
04/1990,18.16,11.25,14.71
05/1990,23.75,15.38,19.57
06/1990,24.42,16.33,20.38
07/1990,29.16,19.52,24.34
08/1990,29.42,18.74,24.08
09/1990,26.33,17.86,22.1
10/1990,21.57,15.3,18.44
11/1990,17.74,10.57,14.16
12/1990,13.38,8.48,10.93
01/1991,14.05,7.53,10.79
02/1991,14.48,7.74,11.11
03/1991,16.74,10.72,13.73
04/1991,19.16,10.95,15.05
05/1991,23.97,14.78,19.38
06/1991,25.53,16.07,20.8
07/1991,28.72,18.75,23.73
08/1991,29.54,19.85,24.7
09/1991,27.48,18.55,23.02
10/1991,20.65,13.33,16.99
11/1991,17.49,11.29,14.39
12/1991,14.74,8.6,11.67
01/1992,13.2,6.03,9.61
02/1992,15.74,7.81,11.77
03/1992,19.62,10.99,15.31
04/1992,20.53,12.03,16.28
05/1992,23.66,14.96,19.31
06/1992,22.62,14.87,18.74
07/1992,28.45,17.99,23.22
08/1992,28.9,19.14,24.02
09/1992,25.64,16.16,20.9
10/1992,19.6,13.05,16.32
11/1992,18.66,12.43,15.55
12/1992,14.95,10.16,12.56
01/1993,14.29,7.17,10.73
02/1993,16.04,8.98,12.51
03/1993,17.83,10.14,13.99
04/1993,18.1,11.16,14.63
05/1993,19.4,13.11,16.25
06/1993,24.82,16.87,20.84
07/1993,28.33,18.82,23.58
08/1993,27.25,18.2,22.73
09/1993,22.65,16.13,19.39
10/1993,19.01,12.95,15.98
11/1993,16.38,10.86,13.62
12/1993,14.91,9.95,12.43
01/1994,14.61,8.84,11.72
02/1994,15.2,8.18,11.69
03/1994,20.32,11.83,16.07
04/1994,19.54,11.59,15.57
05/1994,19.96,13.42,16.69
06/1994,25.8,17.3,21.55
07/1994,26.1,17.58,21.84
08/1994,27.04,18.65,22.84
09/1994,25.09,16.96,21.02
10/1994,21.85,15.69,18.77
11/1994,18.31,12.17,15.24
12/1994,15.93,10.42,13.17
01/1995,15.69,9.77,12.73
02/1995,16.68,10.32,13.5
03/1995,19.73,11.29,15.51
04/1995,22.05,12.58,17.32
05/1995,23.5,15.35,19.42
06/1995,24.91,16.45,20.68
07/1995,28.18,18.97,23.58
08/1995,29.49,19.74,24.61
09/1995,24.9,16.81,20.85
10/1995,24.45,16.25,20.35
11/1995,19.47,13.94,16.7
12/1995,15.82,10.99,13.4
01/1996,14.98,10.17,12.58
02/1996,14.62,8.12,11.37
03/1996,17.41,10.54,13.97
04/1996,20.61,12.62,16.62
05/1996,21.47,13.25,17.36
06/1996,27.82,17.91,22.87
07/1996,28.09,18.71,23.4
08/1996,25.96,17.71,21.84
09/1996,24.88,16.82,20.85
10/1996,22.68,14.63,18.65
11/1996,17.94,11.82,14.88
12/1996,15.29,9.99,12.64
01/1997,14.7,8.55,11.62
02/1997,18.15,10.97,14.56
03/1997,23.68,13.22,18.45
04/1997,22.71,14.69,18.7
05/1997,21.33,14.46,17.9
06/1997,22.36,15.86,19.11
07/1997,27.26,18.57,22.92
08/1997,26.58,18.33,22.46
09/1997,27.84,17.94,22.89
10/1997,23.43,16.78,20.1
11/1997,18.97,12.97,15.97
12/1997,16.14,10.54,13.34
01/1998,15.92,9.64,12.78
02/1998,17.99,10.82,14.41
03/1998,21.11,11.94,16.52
04/1998,17.88,11.3,14.59
05/1998,20.9,13.67,17.29
06/1998,24.98,16.21,20.59
07/1998,27.68,17.98,22.83
08/1998,28.64,19,23.82
09/1998,25.06,18,21.53
10/1998,22.37,14.53,18.45
11/1998,19.04,12.37,15.7
12/1998,14.76,7.3,11.03
01/1999,15.01,7.65,11.33
02/1999,15.9,8.29,12.09
03/1999,18.41,11.22,14.81
04/1999,20.47,12.77,16.62
05/1999,21.73,14.59,18.16
06/1999,25.65,16.42,21.03
07/1999,28.09,18.45,23.27
08/1999,27,18.93,22.96
09/1999,24.65,17.78,21.22
10/1999,21.51,14.96,18.24
11/1999,16.89,10.3,13.59
12/1999,15.04,9.47,12.25
01/2000,13.5,5.84,9.67
02/2000,18.26,10.57,14.41
03/2000,19.96,11.66,15.81
04/2000,16.86,11.01,13.93
05/2000,22.2,14.35,18.28
06/2000,26.86,17.66,22.26
07/2000,27.18,18.2,22.69
08/2000,28.29,18.97,23.63
09/2000,26.56,17.21,21.88
10/2000,22.11,14.65,18.38
11/2000,17.24,11.41,14.32
12/2000,16.48,11.26,13.87
01/2001,15.78,10.05,12.91
02/2001,17.11,10.07,13.59
03/2001,17.98,12.54,15.26
04/2001,20.77,12.7,16.74
05/2001,22.88,13.91,18.39
06/2001,27.05,16.66,21.85
07/2001,26.92,17.59,22.26
08/2001,27.94,18.27,23.1
09/2001,26.6,17.33,21.96
10/2001,22.46,15.84,19.15
11/2001,16.91,10.43,13.67
12/2001,13.12,7.03,10.08
01/2002,15.9,9.39,12.65
02/2002,17.79,9.9,13.84
03/2002,19.51,11.1,15.3
04/2002,20.65,11.65,16.15
05/2002,21.66,13.17,17.42
06/2002,25.37,15.57,20.47
07/2002,27.6,17.46,22.53
08/2002,27.85,17.61,22.73
09/2002,24.05,17.26,20.66
10/2002,23.05,16.1,19.58
11/2002,18.63,12.36,15.49
12/2002,16.72,11.09,13.9
01/2003,15.32,8.45,11.88
02/2003,15.82,9.13,12.47
03/2003,19.05,11.49,15.27
04/2003,19.57,11.86,15.72
05/2003,24.82,15.05,19.93
06/2003,27.33,17.62,22.47
07/2003,28.09,17.77,22.93
08/2003,30.44,20.55,25.5
09/2003,28.13,18.7,23.41
10/2003,21.77,14.59,18.18
11/2003,18.34,12.52,15.43
12/2003,14.96,8.91,11.94
01/2004,16.21,9.97,13.09
02/2004,16.45,9.3,12.87
03/2004,17.69,9.6,13.65
04/2004,20.86,11.52,16.19
05/2004,22.77,13.96,18.37
06/2004,28.63,18.28,23.45
07/2004,29.14,18.6,23.87
08/2004,28.05,18.77,23.41
09/2004,27.3,17.7,22.5
10/2004,22.62,14.49,18.55
11/2004,18.01,10.52,14.27
12/2004,15.12,8.64,11.88
01/2005,14.72,6.68,10.7
02/2005,15.09,6.49,10.79
03/2005,18.57,10.23,14.4
04/2005,20.48,12.19,16.34
05/2005,23.61,14.6,19.1
06/2005,28.41,17.92,23.16
07/2005,28.2,17.96,23.08
08/2005,30.5,19.71,25.11
09/2005,28,17.2,22.6
10/2005,23.28,15.76,19.52
11/2005,17.26,10.62,13.94
12/2005,15.28,8.77,12.02
01/2006,13.95,7.1,10.53
02/2006,15.8,7.63,11.71
03/2006,17.95,11.01,14.48
04/2006,21.56,12.94,17.25
05/2006,25.3,14.97,20.13
06/2006,26.27,17.4,21.83
07/2006,29.61,19.25,24.43
08/2006,30.51,19.62,25.06
09/2006,27.58,17.97,22.77
10/2006,23.44,16.54,19.99
11/2006,20.06,13.71,16.88
12/2006,14.96,8.52,11.74
01/2007,14.68,7.9,11.29
02/2007,16.75,9.95,13.35
03/2007,18.68,11.05,14.87
04/2007,20.88,12.17,16.52
05/2007,22.47,13.83,18.15
06/2007,24.3,15.91,20.1
07/2007,28.08,17.87,22.98
08/2007,27.69,17.95,22.82
09/2007,26.93,17.78,22.36
10/2007,24.26,15.63,19.95
11/2007,19.46,11.04,15.25
12/2007,14.99,8.34,11.66
01/2008,17.24,9.94,13.59
02/2008,18.04,10.51,14.28
03/2008,18.29,10.57,14.43
04/2008,21.34,12.68,17.01
05/2008,21.04,13.25,17.14
06/2008,27.83,17,22.41
07/2008,27.61,17.89,22.75
08/2008,27.71,18.02,22.87
09/2008,26.05,17.01,21.53
10/2008,22.83,14.55,18.69
11/2008,17.58,10.06,13.82
12/2008,14.68,8.87,11.78
01/2009,13.74,8.18,10.96
02/2009,17.32,8.86,13.09
03/2009,21.26,12.01,16.64
04/2009,19.56,10.94,15.25
05/2009,24.29,14.55,19.42
06/2009,27.09,18.04,22.57
07/2009,28.13,17.78,22.95
08/2009,29.94,18.95,24.45
09/2009,27.77,17.99,22.88
10/2009,25.74,17.19,21.46
11/2009,19.27,13.03,16.15
12/2009,15.58,9.62,12.6
01/2010,14.99,9.18,12.09
02/2010,14.83,8.4,11.61
03/2010,17.55,10.27,13.91
04/2010,21.49,13.78,17.63
05/2010,22.95,14.18,18.56
06/2010,26.02,16.2,21.11
07/2010,30.91,19.14,25.02
08/2010,31.36,19.72,25.54
09/2010,27.08,17.53,22.3
10/2010,22.12,14.37,18.24
11/2010,17.66,11.17,14.41
12/2010,15.17,8.73,11.95
01/2011,14.48,8.81,11.64
02/2011,17.42,9.08,13.25
03/2011,18.28,10.47,14.37
04/2011,24.2,15.2,19.7
05/2011,25.63,16.7,21.16
06/2011,26.92,16.97,21.94
07/2011,26.84,17.45,22.15
08/2011,27.79,18.29,23.04
09/2011,27.47,17.91,22.69
10/2011,26.26,16.93,21.6
11/2011,18.11,11.75,14.93
12/2011,16.01,9.18,12.6
01/2012,15.72,8.11,11.91
02/2012,15.84,6.62,11.23
03/2012,20.82,11.28,16.05
04/2012,17.98,10.92,14.45
05/2012,24.39,15.04,19.71
06/2012,26.41,17.06,21.73
07/2012,27.93,17.56,22.75
08/2012,28.65,18.5,23.57
09/2012,28,18.69,23.34
10/2012,22.51,14.76,18.64
11/2012,16.93,11.01,13.97
12/2012,15.98,9.81,12.9
01/2013,15.57,9.81,12.69
02/2013,15.1,8.56,11.83
03/2013,16.55,10.42,13.49
04/2013,19.97,12,15.98
05/2013,22.38,12.73,17.55
06/2013,26.35,16.42,21.38
07/2013,29.55,18.73,24.14
08/2013,30.25,19.09,24.67
09/2013,27.32,18.44,22.88
10/2013,22.45,16.44,19.44
11/2013,17.03,11.16,14.09
12/2013,14.83,8.1,11.46
01/2014,15.2,10.38,12.79
02/2014,15.34,9.33,12.34
03/2014,17.7,10.45,14.07
04/2014,20.06,12.77,16.42
05/2014,23.41,14.65,19.03
06/2014,24.55,15.44,20
07/2014,26.49,16.03,21.26
08/2014,26.72,16.36,21.54
09/2014,24.24,16.6,20.42
10/2014,23.2,15.8,19.5
11/2014,17.39,11.46,14.43
12/2014,15.41,8.65,12.03
01/2015,14.75,7.57,11.16
02/2015,14.86,8.05,11.46
03/2015,19.06,10.14,14.6
04/2015,21.83,13.06,17.44
05/2015,25.96,15.83,20.9
06/2015,29.02,17.37,23.19
07/2015,29.26,18.33,23.8
08/2015,29.26,18.31,23.79
09/2015,26.22,16.34,21.28
10/2015,22.25,15.74,18.99
11/2015,19.91,12.94,16.43
12/2015,17.22,10.56,13.89
01/2016,16.94,10.49,13.71
02/2016,16.39,9.61,13
03/2016,17.71,9.53,13.62
04/2016,19.57,11.3,15.44
05/2016,22.01,13.34,17.67
06/2016,27.56,16.88,22.22
07/2016,31.12,19.2,25.16
08/2016,31.78,19.26,25.52
09/2016,28.89,17.72,23.31
10/2016,23.66,15.54,19.6
11/2016,18.55,11.78,15.16
12/2016,16.98,8.79,12.88
01/2017,16,7.47,11.74
02/2017,16.7,10.08,13.39
03/2017,18.83,10.75,14.79
04/2017,23.75,13.59,18.67
05/2017,24.89,15.49,20.19
06/2017,28.64,18.05,23.35
07/2017,28.39,18.03,23.21
08/2017,29.47,18.21,23.84
09/2017,26.98,16.67,21.83
10/2017,26.5,16.71,21.6
11/2017,19.21,11.89,15.55
12/2017,15.92,8.85,12.39
01/2018,16.01,8.99,12.5
02/2018,15.77,8.45,12.11
03/2018,16.55,9.85,13.2
04/2018,19.76,11.54,15.65
05/2018,22.89,13.82,18.35
06/2018,25.37,16.61,20.99
07/2018,26.79,18.05,22.42
08/2018,32.13,19.91,26.02
09/2018,30.15,19.57,24.86
10/2018,23.8,15.58,19.69
11/2018,18.11,11.56,14.84
12/2018,16.83,9.9,13.37